Column1,Column2
'It’s about trying until our last breath': New F&B players cook up survival plans for COVID-19 crisis,/news/business/covid-19-new-food-businesses-survival-plans-12674642
US says 'enormous evidence' shows coronavirus came from China lab,/news/world/covid-19-coronavirus-came-from-china-lab-wuhan-evidence-pompeo-12698348
Global COVID-19 cases surpass 3.5 million amid under-reporting fears,/news/world/global-covid-19-cases-3-5-million-growth-rate-12699082
"The Big Read: Digitally estranged, seniors struggle with sense of displacement in pandemic-hit offline world",/news/singapore/big-read-covid-19-pandemic-senior-citizens-12697086
PSP refutes 'insinuation' of foreign influence and funding by ex-party member,/news/singapore/psp-refutes-insinuation-of-foreign-influence-and-funding-by-ex-12699510
"Home-based school holidays: Parents, here are some activities for the kids to enjoy",/news/lifestyle/school-holidays-activities-singapore-online-12693710
Japan set to extend coronavirus emergency to May 31,/news/asia/covid-19-japan-extend-coronavirus-emergency-may-31-12699360
Commentary: Malaysia is beating all these brutal COVID-19 expectations,/news/commentary/malaysia-beating-brutal-covid-19-coronavirus-infections-deaths-12691586
"Trump says up to 100,000 Americans may die from COVID-19",/news/world/covid-19-trump-100000-american-coronavirus-deaths-vaccine-12699042
COVID-19: Taiwan says 'not yet' received invite for key WHO meeting,/news/asia/covid-19-taiwan-no-invite-who-meeting-12699462
COVID-19: Italy begins to emerge from world's longest nationwide lockdown,/news/world/covid-19-italy-begins-to-emerge-from-world-longest-lockdown-12699330
Woman under investigation for not wearing mask at Shunfu Market and assaulting another woman,/news/singapore/woman-under-investigation-for-not-wearing-mask-at-shunfu-market-12698240
Warm weather draws crowds in some cities as parts of US start easing COVID-19 lockdowns,/news/world/covid-19-us-lockdown-crowd-park-beach-coronavirus-12699106
New Zealand reports no new COVID-19 cases for first time since mid-March,/news/world/covid-19-new-zealand-no-new-coronavirus-cases-12699108
New Zealand and Australia consider coronavirus 'travel bubble',/news/world/covid-19-australia-new-zealand-travel-bubble-12699518
China's young spenders say #ditchyourstuff as economy sputters,/news/asia/covid-19-china-young-spenders-ditchyourstuff-economy-sputters-12699588
"Australian student, meat plant workers among new COVID-19 cases as curbs ease",/news/world/covid-19-australia-new-cases-coronavirus-testing-lockdown-12699046
